,episode,batch_success,agent1_sender_loss,agent2_sender_loss,agent1_receiver_loss,agent2_receiver_loss
0,30,0.13333333333333333,0.06896994262933731,,,0.5321454405784607
1,60,0.23333333333333334,0.09102697670459747,,,0.5580318570137024
2,90,0.23333333333333334,0.09665778279304504,,,0.5569177269935608
3,120,0.3333333333333333,0.10405430942773819,,,0.584152340888977
4,150,0.26666666666666666,0.10243845731019974,,,0.5653541684150696
5,180,0.13333333333333333,0.09481751173734665,,,0.5294979810714722
6,210,0.2,0.09891661256551743,,,0.5485640168190002
7,240,0.2,0.09967289865016937,,,0.5485748052597046
8,270,0.3333333333333333,0.10915611684322357,,,0.5841224789619446
9,300,0.23333333333333334,0.10549796372652054,,,0.5579176545143127
10,330,0.3333333333333333,0.11916761845350266,,,0.5828825831413269
11,360,0.26666666666666666,0.11671284586191177,,,0.5658708214759827
12,390,0.13333333333333333,0.10201914608478546,,,0.5292316675186157
13,420,0.1,0.09384136646986008,,,0.519896388053894
14,450,0.23333333333333334,0.09661336988210678,,,0.5573197603225708
15,480,0.2,0.09090414643287659,,,0.5489214658737183
16,510,0.26666666666666666,0.09328688681125641,,,0.5647512078285217
17,540,0.23333333333333334,0.0870351791381836,,,0.5583925247192383
18,570,0.23333333333333334,0.08548670262098312,,,0.5594370365142822
19,600,0.43333333333333335,0.09409389644861221,,,0.6123136281967163
20,630,0.23333333333333334,0.08186691254377365,,,0.5549169182777405
21,660,0.4,0.08690281957387924,,,0.5990561842918396
22,690,0.3333333333333333,0.08473262935876846,,,0.589008629322052
23,720,0.36666666666666664,0.09100444614887238,,,0.5920431613922119
24,750,0.2,0.08155927062034607,,,0.5471327900886536
25,780,0.3333333333333333,0.09523593634366989,,,0.5823208689689636
26,810,0.26666666666666666,0.09227803349494934,,,0.5651890635490417
27,840,0.3,0.10542071610689163,,,0.575402557849884
28,870,0.23333333333333334,0.10714229941368103,,,0.5589900612831116
29,900,0.26666666666666666,0.11445843428373337,,,0.5664588809013367
30,930,0.4,0.12473493069410324,,,0.6019954085350037
31,960,0.23333333333333334,0.11188281327486038,,,0.5587729811668396
32,990,0.23333333333333334,0.11079640686511993,,,0.5572168827056885
33,1020,0.1,0.10057512670755386,,,0.5216443538665771
34,1050,0.23333333333333334,0.10792991518974304,,,0.5544431805610657
35,1080,0.3333333333333333,0.11016178131103516,,,0.5854648947715759
36,1110,0.16666666666666666,0.09284324944019318,,,0.5390520691871643
37,1140,0.16666666666666666,0.08929826319217682,,,0.536849856376648
38,1170,0.3333333333333333,0.09369704127311707,,,0.5846879482269287
39,1200,0.23333333333333334,0.09558074921369553,,,0.5550227761268616
40,1230,0.3333333333333333,0.10133231431245804,,,0.5779491662979126
41,1260,0.3,0.1062973365187645,,,0.5800306797027588
42,1290,0.3333333333333333,0.11098677664995193,,,0.5831044316291809
43,1320,0.13333333333333333,0.09983628243207932,,,0.5350954532623291
44,1350,0.06666666666666667,0.09599681943655014,,,0.5122794508934021
45,1380,0.16666666666666666,0.10346028208732605,,,0.5392652750015259
46,1410,0.2,0.10705084353685379,,,0.5425116419792175
47,1440,0.13333333333333333,0.10194678604602814,,,0.5288149118423462
48,1470,0.2,0.10530247539281845,,,0.5462674498558044
49,1500,0.3,0.1111321896314621,,,0.5736043453216553
50,1530,0.2,0.10362716764211655,,,0.5398133993148804
51,1560,0.16666666666666666,0.09655051678419113,,,0.5378475189208984
52,1590,0.2,0.0972352847456932,,,0.5510121583938599
53,1620,0.26666666666666666,0.10307577252388,,,0.569217324256897
54,1650,0.16666666666666666,0.09094911068677902,,,0.5393035411834717
55,1680,0.3,0.10543214529752731,,,0.5675356984138489
56,1710,0.3333333333333333,0.10153581947088242,,,0.5799664855003357
57,1740,0.3,0.10311045497655869,,,0.5745791792869568
58,1770,0.26666666666666666,0.10015710443258286,,,0.5634500980377197
59,1800,0.23333333333333334,0.09627213329076767,,,0.5526305437088013
60,1830,0.36666666666666664,0.10849369317293167,,,0.597283124923706
61,1860,0.16666666666666666,0.09552550315856934,,,0.5367156863212585
62,1890,0.3333333333333333,0.10766912251710892,,,0.5854672789573669
63,1920,0.36666666666666664,0.10869632661342621,,,0.5972486734390259
64,1950,0.2,0.09848310053348541,,,0.5398054122924805
65,1980,0.26666666666666666,0.10520049929618835,,,0.5599469542503357
66,2010,0.2,0.1030421108007431,,,0.5480172038078308
67,2040,0.3,0.11404528468847275,,,0.5636559724807739
68,2070,0.3333333333333333,0.11774240434169769,,,0.5789044499397278
69,2100,0.16666666666666666,0.10665390640497208,,,0.5366664528846741
70,2130,0.2,0.10779285430908203,,,0.5442333817481995
71,2160,0.2,0.10606084764003754,,,0.5472623705863953
72,2190,0.2,0.1066659688949585,,,0.5484688878059387
73,2220,0.23333333333333334,0.10913969576358795,,,0.5517758131027222
74,2250,0.23333333333333334,0.1086994856595993,,,0.5563514828681946
75,2280,0.3333333333333333,0.1185941994190216,,,0.5809367299079895
76,2310,0.2,0.10966912657022476,,,0.5410918593406677
77,2340,0.2,0.10865019261837006,,,0.5460764765739441
78,2370,0.26666666666666666,0.11267028748989105,,,0.5731285810470581
79,2400,0.26666666666666666,0.1069030612707138,,,0.5623814463615417
80,2430,0.5,0.11885552853345871,,,0.6283113360404968
81,2460,0.4,0.10743772983551025,,,0.6066338419914246
82,2490,0.3333333333333333,0.10210028290748596,,,0.5801129937171936
83,2520,0.26666666666666666,0.09732839465141296,,,0.5575230717658997
84,2550,0.3,0.10214252769947052,,,0.5676026940345764
85,2580,0.26666666666666666,0.10176072269678116,,,0.5651426911354065
86,2610,0.3333333333333333,0.10969290137290955,,,0.5787381529808044
87,2640,0.2,0.1077214926481247,,,0.5454638004302979
88,2670,0.13333333333333333,0.10329709202051163,,,0.5185365080833435
89,2700,0.3333333333333333,0.11876692622900009,,,0.5738619565963745
90,2730,0.16666666666666666,0.10526549071073532,,,0.5413570404052734
91,2760,0.23333333333333334,0.10631576180458069,,,0.5583451986312866
92,2790,0.3,0.10924474895000458,,,0.5724610090255737
93,2820,0.26666666666666666,0.10319031029939651,,,0.5629146099090576
94,2850,0.23333333333333334,0.09682799130678177,,,0.5381734371185303
95,2880,0.26666666666666666,0.0980873852968216,,,0.5622739195823669
96,2910,0.3,0.10047393292188644,,,0.5785535573959351
97,2940,0.26666666666666666,0.09841456264257431,,,0.5613936185836792
98,2970,0.36666666666666664,0.1018376499414444,,,0.5875647664070129
99,3000,0.1,0.08409430086612701,,,0.5107721090316772
100,3030,0.2,0.09174218028783798,,,0.5442898869514465
101,3060,0.26666666666666666,0.0932387039065361,,,0.5657110810279846
102,3090,0.23333333333333334,0.08881061524152756,,,0.5443423986434937
103,3120,0.3,0.08985582739114761,,,0.5687777400016785
104,3150,0.1,0.08124472945928574,,,0.5143212080001831
105,3180,0.3333333333333333,0.09184449166059494,,,0.5732957124710083
106,3210,0.06666666666666667,0.08276931941509247,,,0.5011053681373596
107,3240,0.3333333333333333,0.10393092036247253,,,0.5755011439323425
108,3270,0.2,0.09406820684671402,,,0.5406979918479919
109,3300,0.3333333333333333,0.10008994489908218,,,0.5772266387939453
110,3330,0.3,0.09093093872070312,,,0.5630238652229309
111,3360,0.16666666666666666,0.07916302978992462,,,0.5361544489860535
112,3390,0.16666666666666666,0.07881201058626175,,,0.5372587442398071
113,3420,0.2,0.08399302512407303,,,0.5418424606323242
114,3450,0.3,0.09955048561096191,,,0.5780750513076782
115,3480,0.3,0.10865340381860733,,,0.5729163289070129
116,3510,0.26666666666666666,0.1125844269990921,,,0.5561028122901917
117,3540,0.26666666666666666,0.11472680419683456,,,0.5560154318809509
118,3570,0.23333333333333334,0.10756942629814148,,,0.5509291291236877
119,3600,0.2,0.09812809526920319,,,0.5508385300636292
120,3630,0.2,0.0912872776389122,,,0.54376620054245
121,3660,0.36666666666666664,0.09469044953584671,,,0.5897756218910217
122,3690,0.13333333333333333,0.07198800891637802,,,0.5215839743614197
123,3720,0.23333333333333334,0.07564771920442581,,,0.5540650486946106
124,3750,0.2,0.07588248699903488,,,0.5373780727386475
125,3780,0.23333333333333334,0.07856234163045883,,,0.5409538149833679
126,3810,0.3333333333333333,0.08260314911603928,,,0.5652726292610168
127,3840,0.36666666666666664,0.0833507627248764,,,0.5842759609222412
128,3870,0.3,0.07747326046228409,,,0.5582672953605652
129,3900,0.16666666666666666,0.0689752846956253,,,0.5464078187942505
130,3930,0.26666666666666666,0.07302270084619522,,,0.5474392175674438
131,3960,0.2,0.06719890981912613,,,0.5424149632453918
132,3990,0.26666666666666666,0.06980296969413757,,,0.5639170408248901
133,4020,0.06666666666666667,0.06282822042703629,,,0.506493091583252
134,4050,0.23333333333333334,0.07062949985265732,,,0.5595870614051819
135,4080,0.43333333333333335,0.08106443285942078,,,0.602874755859375
136,4110,0.26666666666666666,0.0755155086517334,,,0.5583574175834656
137,4140,0.26666666666666666,0.07753220945596695,,,0.5555079579353333
138,4170,0.2,0.07953206449747086,,,0.5569381713867188
139,4200,0.2,0.0828760638833046,,,0.5382535457611084
140,4230,0.36666666666666664,0.0972101166844368,,,0.5825835466384888
141,4260,0.2,0.08663809299468994,,,0.5317986607551575
142,4290,0.2,0.08918444812297821,,,0.5536585450172424
143,4320,0.16666666666666666,0.0865912139415741,,,0.5241860747337341
144,4350,0.16666666666666666,0.08493885397911072,,,0.5355793237686157
145,4380,0.3333333333333333,0.09376554191112518,,,0.5737742781639099
146,4410,0.3,0.08966951072216034,,,0.5691509246826172
147,4440,0.4,0.09784642606973648,,,0.6007372736930847
148,4470,0.13333333333333333,0.09206215292215347,,,0.5344323515892029
149,4500,0.3,0.11085173487663269,,,0.5604197382926941
150,4530,0.16666666666666666,0.10346024483442307,,,0.5341612100601196
151,4560,0.26666666666666666,0.10611404478549957,,,0.5624457001686096
152,4590,0.06666666666666667,0.088892363011837,,,0.5008538961410522
153,4620,0.16666666666666666,0.0916171446442604,,,0.5321978330612183
154,4650,0.2,0.09414038062095642,,,0.5456244945526123
155,4680,0.2,0.09587077796459198,,,0.5471265316009521
156,4710,0.1,0.09280374646186829,,,0.5134179592132568
157,4740,0.13333333333333333,0.09885818511247635,,,0.5091559290885925
158,4770,0.3333333333333333,0.10823653638362885,,,0.5494702458381653
159,4800,0.26666666666666666,0.09657088667154312,,,0.5479297041893005
160,4830,0.16666666666666666,0.09642526507377625,,,0.5205633640289307
161,4860,0.16666666666666666,0.10213872790336609,,,0.5296608209609985
162,4890,0.26666666666666666,0.10788819938898087,,,0.55308598279953
163,4920,0.23333333333333334,0.10619452595710754,,,0.5484123826026917
164,4950,0.26666666666666666,0.10735040158033371,,,0.5571016669273376
165,4980,0.3333333333333333,0.10997680574655533,,,0.5600684881210327
166,5010,0.3333333333333333,0.10712456703186035,,,0.5819059014320374
167,5040,0.1,0.09559782594442368,,,0.5128788352012634
168,5070,0.23333333333333334,0.10654386132955551,,,0.5555904507637024
169,5100,0.23333333333333334,0.10234921425580978,,,0.5491582751274109
170,5130,0.3,0.10767378658056259,,,0.5715587735176086
171,5160,0.36666666666666664,0.11533436179161072,,,0.5668907165527344
172,5190,0.43333333333333335,0.11915919929742813,,,0.604790449142456
173,5220,0.3,0.11168522387742996,,,0.56626957654953
174,5250,0.3333333333333333,0.1087491512298584,,,0.5845100283622742
175,5280,0.3,0.09197784960269928,,,0.5640189051628113
176,5310,0.06666666666666667,0.05672398954629898,,,0.4980352222919464
177,5340,0.26666666666666666,0.07187838852405548,,,0.5412740707397461
178,5370,0.13333333333333333,0.08314850926399231,,,0.5193799138069153
179,5400,0.26666666666666666,0.10618586838245392,,,0.5654860138893127
180,5430,0.26666666666666666,0.11064154654741287,,,0.5590018630027771
181,5460,0.23333333333333334,0.10262412577867508,,,0.5355703830718994
182,5490,0.26666666666666666,0.09660707414150238,,,0.549453616142273
183,5520,0.3333333333333333,0.09514449536800385,,,0.5647608637809753
184,5550,0.2,0.07844887673854828,,,0.546094536781311
185,5580,0.16666666666666666,0.0737190991640091,,,0.5257778167724609
186,5610,0.16666666666666666,0.07884733378887177,,,0.5274637341499329
187,5640,0.26666666666666666,0.08178380131721497,,,0.5447834730148315
188,5670,0.23333333333333334,0.07868264615535736,,,0.5452442169189453
189,5700,0.23333333333333334,0.07859834283590317,,,0.5364837646484375
190,5730,0.2,0.0818217322230339,,,0.5330425500869751
191,5760,0.26666666666666666,0.083287812769413,,,0.5641754269599915
192,5790,0.1,0.07656095921993256,,,0.5134230852127075
193,5820,0.23333333333333334,0.08795776963233948,,,0.5488420128822327
194,5850,0.3333333333333333,0.084443099796772,,,0.570161759853363
195,5880,0.16666666666666666,0.07575089484453201,,,0.5044333934783936
196,5910,0.2,0.0755453109741211,,,0.5338958501815796
197,5940,0.26666666666666666,0.07524248957633972,,,0.5801612138748169
198,5970,0.2,0.07764127850532532,,,0.5323812365531921
199,6000,0.2,0.07826970517635345,,,0.5346038937568665
200,6030,0.26666666666666666,0.0863715410232544,,,0.5602681636810303
201,6060,0.3,0.0907604992389679,,,0.5537205934524536
202,6090,0.16666666666666666,0.0898546352982521,,,0.5359729528427124
203,6120,0.3,0.10772988200187683,,,0.556524932384491
204,6150,0.3333333333333333,0.11524169147014618,,,0.5746989846229553
205,6180,0.3,0.11301945149898529,,,0.5510257482528687
206,6210,0.26666666666666666,0.1111111268401146,,,0.5533561706542969
207,6240,0.13333333333333333,0.10046671330928802,,,0.5099439024925232
208,6270,0.26666666666666666,0.10663064569234848,,,0.5441084504127502
209,6300,0.16666666666666666,0.09910230338573456,,,0.524300217628479
210,6330,0.26666666666666666,0.10784892737865448,,,0.5588755011558533
211,6360,0.3333333333333333,0.11057857424020767,,,0.5638717412948608
212,6390,0.3,0.1080939844250679,,,0.5562848448753357
213,6420,0.16666666666666666,0.10112942010164261,,,0.5305429100990295
214,6450,0.23333333333333334,0.10589942336082458,,,0.5350032448768616
215,6480,0.16666666666666666,0.10259772837162018,,,0.5173985958099365
216,6510,0.3,0.11537110060453415,,,0.5454713106155396
217,6540,0.3,0.11191613227128983,,,0.5505593419075012
218,6570,0.13333333333333333,0.09606622159481049,,,0.5207200646400452
219,6600,0.13333333333333333,0.08728024363517761,,,0.5105551481246948
220,6630,0.4,0.0999462753534317,,,0.580672025680542
221,6660,0.3,0.09208150207996368,,,0.5672631859779358
222,6690,0.26666666666666666,0.08720413595438004,,,0.5472158193588257
223,6720,0.13333333333333333,0.08304119855165482,,,0.5169996023178101
224,6750,0.3333333333333333,0.08853574842214584,,,0.5630865693092346
225,6780,0.16666666666666666,0.08543848991394043,,,0.5154720544815063
226,6810,0.26666666666666666,0.09216389805078506,,,0.5541296601295471
227,6840,0.13333333333333333,0.08549380302429199,,,0.5223013162612915
228,6870,0.26666666666666666,0.09534648060798645,,,0.5484966039657593
229,6900,0.2,0.0915488749742508,,,0.5455238223075867
230,6930,0.3,0.09686198085546494,,,0.5582104921340942
231,6960,0.3333333333333333,0.09976234287023544,,,0.5701072812080383
232,6990,0.16666666666666666,0.08825761824846268,,,0.51394122838974
233,7020,0.3333333333333333,0.09832052141427994,,,0.5545467734336853
234,7050,0.23333333333333334,0.092326320707798,,,0.5462632775306702
235,7080,0.26666666666666666,0.09372544288635254,,,0.5483402013778687
236,7110,0.23333333333333334,0.0953124389052391,,,0.5460386872291565
237,7140,0.3,0.09765882045030594,,,0.5779872536659241
238,7170,0.1,0.08600341528654099,,,0.5041606426239014
239,7200,0.26666666666666666,0.1015343964099884,,,0.5649378895759583
240,7230,0.26666666666666666,0.10119225829839706,,,0.5480067133903503
241,7260,0.36666666666666664,0.1148512065410614,,,0.5652157068252563
242,7290,0.26666666666666666,0.10776656121015549,,,0.529201328754425
243,7320,0.16666666666666666,0.10540121048688889,,,0.5231863260269165
244,7350,0.26666666666666666,0.11224336177110672,,,0.5444127917289734
245,7380,0.2,0.10540910065174103,,,0.5434709191322327
246,7410,0.4,0.11499395221471786,,,0.5890906453132629
247,7440,0.3333333333333333,0.10423623770475388,,,0.5772581696510315
248,7470,0.16666666666666666,0.0953245609998703,,,0.520287275314331
249,7500,0.16666666666666666,0.09573186188936234,,,0.5354798436164856
250,7530,0.3,0.1005437895655632,,,0.5686268210411072
251,7560,0.3,0.09747379273176193,,,0.5749298334121704
252,7590,0.26666666666666666,0.09035029262304306,,,0.537278413772583
253,7620,0.26666666666666666,0.08632608503103256,,,0.5402129292488098
254,7650,0.3333333333333333,0.08942960947751999,,,0.5556316375732422
255,7680,0.2,0.0835353210568428,,,0.5291061997413635
256,7710,0.16666666666666666,0.0850444957613945,,,0.5284788608551025
257,7740,0.26666666666666666,0.09489555656909943,,,0.5629209876060486
258,7770,0.4,0.11006820946931839,,,0.5904359221458435
259,7800,0.2,0.10330042988061905,,,0.5189722776412964
260,7830,0.23333333333333334,0.10909426957368851,,,0.5480009913444519
261,7860,0.3333333333333333,0.11720005422830582,,,0.5761679410934448
262,7890,0.3333333333333333,0.11742833256721497,,,0.5410479307174683
263,7920,0.23333333333333334,0.10722961276769638,,,0.5317746996879578
264,7950,0.23333333333333334,0.10235118120908737,,,0.541260302066803
265,7980,0.26666666666666666,0.10192182660102844,,,0.5463253259658813
266,8010,0.3,0.10043417662382126,,,0.5608869194984436
267,8040,0.26666666666666666,0.09571265429258347,,,0.5392774343490601
268,8070,0.3,0.0938108041882515,,,0.5598275661468506
269,8100,0.4,0.09649737179279327,,,0.585611879825592
270,8130,0.13333333333333333,0.08495393395423889,,,0.5177307724952698
271,8160,0.3333333333333333,0.0949147418141365,,,0.5822180509567261
272,8190,0.23333333333333334,0.09122057259082794,,,0.5396415591239929
273,8220,0.13333333333333333,0.09310530871152878,,,0.5050152540206909
274,8250,0.2,0.10465966165065765,,,0.5425408482551575
275,8280,0.2,0.10550344735383987,,,0.5446423888206482
276,8310,0.3,0.11384885013103485,,,0.5543996095657349
277,8340,0.3,0.11164439469575882,,,0.5730077028274536
278,8370,0.16666666666666666,0.10390784591436386,,,0.5200198292732239
279,8400,0.2,0.10501030087471008,,,0.5329144597053528
280,8430,0.13333333333333333,0.08977247774600983,,,0.5077618360519409
281,8460,0.16666666666666666,0.08172961324453354,,,0.5166645646095276
282,8490,0.3,0.0812406986951828,,,0.5516440272331238
283,8520,0.3333333333333333,0.08398040384054184,,,0.5507475733757019
284,8550,0.16666666666666666,0.0753365233540535,,,0.5436474084854126
285,8580,0.23333333333333334,0.08619943261146545,,,0.5358364582061768
286,8610,0.26666666666666666,0.09087087213993073,,,0.5503779649734497
287,8640,0.26666666666666666,0.09703254699707031,,,0.5426102876663208
288,8670,0.2,0.09666192531585693,,,0.5253397822380066
289,8700,0.26666666666666666,0.11046598851680756,,,0.556988000869751
290,8730,0.16666666666666666,0.10466208308935165,,,0.5348674654960632
291,8760,0.3333333333333333,0.114128477871418,,,0.5614389777183533
292,8790,0.23333333333333334,0.10098835825920105,,,0.5590868592262268
293,8820,0.23333333333333334,0.09431982040405273,,,0.521321713924408
294,8850,0.26666666666666666,0.09247047454118729,,,0.559488832950592
295,8880,0.26666666666666666,0.08907414972782135,,,0.5307590365409851
296,8910,0.26666666666666666,0.08644925802946091,,,0.5417190194129944
297,8940,0.16666666666666666,0.07739339768886566,,,0.5318790674209595
298,8970,0.23333333333333334,0.08212358504533768,,,0.5394601821899414
299,9000,0.26666666666666666,0.0865357369184494,,,0.551127552986145
300,9030,0.3333333333333333,0.09110930562019348,,,0.5590623021125793
301,9060,0.36666666666666664,0.09339229762554169,,,0.5805933475494385
302,9090,0.23333333333333334,0.0876055583357811,,,0.5230262279510498
303,9120,0.36666666666666664,0.09455544501543045,,,0.5848053693771362
304,9150,0.2,0.08694495260715485,,,0.5326372981071472
305,9180,0.4,0.09671274572610855,,,0.5782579183578491
306,9210,0.3,0.0950537845492363,,,0.5451080203056335
307,9240,0.3,0.09264770150184631,,,0.5559637546539307
308,9270,0.26666666666666666,0.09062210470438004,,,0.5439966320991516
309,9300,0.3,0.09383270144462585,,,0.5334378480911255
310,9330,0.3,0.09205254167318344,,,0.5336752533912659
311,9360,0.26666666666666666,0.08850281685590744,,,0.5420661568641663
312,9390,0.3333333333333333,0.08846643567085266,,,0.5755934119224548
313,9420,0.26666666666666666,0.08544617146253586,,,0.5459908843040466
314,9450,0.3333333333333333,0.08359179645776749,,,0.5321251749992371
315,9480,0.4,0.08789660036563873,,,0.6038005352020264
316,9510,0.2,0.07536711543798447,,,0.5189644694328308
317,9540,0.26666666666666666,0.08744724094867706,,,0.5517758727073669
318,9570,0.13333333333333333,0.07944219559431076,,,0.5224533677101135
319,9600,0.3333333333333333,0.09672728925943375,,,0.5618038177490234
320,9630,0.3,0.10024825483560562,,,0.5772722959518433
321,9660,0.23333333333333334,0.09481878578662872,,,0.529510498046875
322,9690,0.26666666666666666,0.09800451248884201,,,0.5439707636833191
323,9720,0.26666666666666666,0.09989436715841293,,,0.5430149435997009
324,9750,0.3,0.10705504566431046,,,0.5252442359924316
325,9780,0.4,0.11741819977760315,,,0.587924599647522
326,9810,0.4,0.0983806848526001,,,0.5536429286003113
327,9840,0.3,0.06876277923583984,,,0.5593834519386292
328,9870,0.4,0.053569961339235306,,,0.5569329857826233
329,9900,0.2,0.04943781718611717,,,0.5232617259025574
330,9930,0.26666666666666666,0.05436362326145172,,,0.552920937538147
331,9960,0.2,0.05740605667233467,,,0.5221993923187256
332,9990,0.26666666666666666,0.06145429238677025,,,0.557891845703125
333,10020,0.2,0.06343188136816025,,,0.5257948040962219
334,10050,0.26666666666666666,0.07294224202632904,,,0.5618676543235779
335,10080,0.2,0.07478336989879608,,,0.5301290154457092
336,10110,0.1,0.07721921056509018,,,0.49491769075393677
337,10140,0.3333333333333333,0.09454784542322159,,,0.5229987502098083
338,10170,0.3,0.10995814204216003,,,0.5590663552284241
339,10200,0.3,0.1121458187699318,,,0.5414597392082214
340,10230,0.23333333333333334,0.09974394738674164,,,0.537962019443512
341,10260,0.26666666666666666,0.08752419054508209,,,0.5487866997718811
342,10290,0.2,0.07233098894357681,,,0.5409764647483826
343,10320,0.23333333333333334,0.07398378849029541,,,0.541429877281189
344,10350,0.36666666666666664,0.0801202580332756,,,0.5822867155075073
345,10380,0.16666666666666666,0.07690230756998062,,,0.5433087944984436
346,10410,0.2,0.08473218232393265,,,0.5365267992019653
347,10440,0.3333333333333333,0.09326573461294174,,,0.5478233098983765
348,10470,0.3,0.09266498684883118,,,0.5531768202781677
349,10500,0.26666666666666666,0.09127755463123322,,,0.5617476105690002
350,10530,0.16666666666666666,0.08751138299703598,,,0.5114849209785461
351,10560,0.26666666666666666,0.09500293433666229,,,0.5569160580635071
352,10590,0.36666666666666664,0.10225486755371094,,,0.5732743740081787
353,10620,0.26666666666666666,0.09911426901817322,,,0.5646543502807617
354,10650,0.2,0.09528735280036926,,,0.5576832890510559
355,10680,0.23333333333333334,0.0995425209403038,,,0.5394836068153381
356,10710,0.26666666666666666,0.10321107506752014,,,0.5152971148490906
357,10740,0.3,0.10483559966087341,,,0.5714050531387329
358,10770,0.26666666666666666,0.09676464647054672,,,0.5369707942008972
359,10800,0.23333333333333334,0.08729454129934311,,,0.5249767303466797
360,10830,0.4666666666666667,0.08802668005228043,,,0.5642796754837036
361,10860,0.26666666666666666,0.07950704544782639,,,0.5408555269241333
362,10890,0.2,0.07587989419698715,,,0.535373866558075
363,10920,0.3,0.08324044197797775,,,0.5507714152336121
364,10950,0.26666666666666666,0.08648671954870224,,,0.5547570586204529
365,10980,0.4,0.09996239840984344,,,0.5861256718635559
366,11010,0.2,0.09812771528959274,,,0.5407776236534119
367,11040,0.23333333333333334,0.10357867926359177,,,0.5227072238922119
368,11070,0.16666666666666666,0.1007632315158844,,,0.525225818157196
369,11100,0.3,0.10590731352567673,,,0.5474201440811157
370,11130,0.13333333333333333,0.09243836253881454,,,0.5192288756370544
371,11160,0.1,0.09634065628051758,,,0.5104348659515381
372,11190,0.23333333333333334,0.1034795269370079,,,0.5178048610687256
373,11220,0.13333333333333333,0.08904717117547989,,,0.518862783908844
374,11250,0.23333333333333334,0.08632595092058182,,,0.5203377604484558
375,11280,0.26666666666666666,0.080312080681324,,,0.5514853596687317
376,11310,0.26666666666666666,0.07624760270118713,,,0.5364088416099548
377,11340,0.23333333333333334,0.0699419155716896,,,0.5446903705596924
378,11370,0.16666666666666666,0.06686577200889587,,,0.5339135527610779
379,11400,0.26666666666666666,0.07164400070905685,,,0.5350455641746521
380,11430,0.23333333333333334,0.07476059347391129,,,0.5303546190261841
381,11460,0.1,0.06655929237604141,,,0.5072110295295715
382,11490,0.16666666666666666,0.0687449648976326,,,0.5217385292053223
383,11520,0.3333333333333333,0.0747915729880333,,,0.5614620447158813
384,11550,0.4,0.08152815699577332,,,0.5642496347427368
385,11580,0.2,0.07137252390384674,,,0.5015243887901306
386,11610,0.2,0.07060664147138596,,,0.5489649176597595
387,11640,0.1,0.06852437555789948,,,0.519668698310852
388,11670,0.2,0.07349283248186111,,,0.5370457172393799
389,11700,0.26666666666666666,0.07505854219198227,,,0.5304190516471863
390,11730,0.3,0.08127830922603607,,,0.5571268200874329
391,11760,0.13333333333333333,0.07192172855138779,,,0.5017783641815186
392,11790,0.36666666666666664,0.08143539726734161,,,0.5398319959640503
393,11820,0.36666666666666664,0.07842543721199036,,,0.5552242398262024
394,11850,0.43333333333333335,0.08408896625041962,,,0.5697184205055237
395,11880,0.3,0.07177598029375076,,,0.5378978848457336
396,11910,0.3,0.0739971399307251,,,0.5413106083869934
397,11940,0.2,0.07699387520551682,,,0.525300920009613
398,11970,0.5,0.08895470201969147,,,0.587249755859375
399,12000,0.13333333333333333,0.07502050697803497,,,0.5243106484413147
400,12030,0.23333333333333334,0.08706645667552948,,,0.5422405004501343
401,12060,0.26666666666666666,0.09078208357095718,,,0.5128629207611084
402,12090,0.4666666666666667,0.11071551591157913,,,0.5706630945205688
403,12120,0.16666666666666666,0.09787523001432419,,,0.5181739330291748
404,12150,0.4,0.11726542562246323,,,0.5595893859863281
405,12180,0.3,0.10980744659900665,,,0.5353782176971436
406,12210,0.23333333333333334,0.10794102400541306,,,0.542058527469635
407,12240,0.23333333333333334,0.09904439747333527,,,0.5218394994735718
408,12270,0.3,0.09475156664848328,,,0.5398118495941162
409,12300,0.13333333333333333,0.08152744174003601,,,0.5157321691513062
410,12330,0.36666666666666664,0.0937453955411911,,,0.5499275922775269
411,12360,0.16666666666666666,0.08269850164651871,,,0.5060650706291199
412,12390,0.23333333333333334,0.08573615550994873,,,0.526498019695282
413,12420,0.26666666666666666,0.08725104480981827,,,0.5297788381576538
414,12450,0.23333333333333334,0.08394113928079605,,,0.5413762331008911
415,12480,0.2,0.07994350790977478,,,0.5512672662734985
416,12510,0.3,0.0867050364613533,,,0.5618265867233276
417,12540,0.16666666666666666,0.07720716297626495,,,0.5181401371955872
418,12570,0.2,0.07955081760883331,,,0.5301548838615417
419,12600,0.3333333333333333,0.08716627955436707,,,0.5541173219680786
420,12630,0.3,0.08266374468803406,,,0.5676494836807251
421,12660,0.36666666666666664,0.0859304815530777,,,0.5496960282325745
422,12690,0.16666666666666666,0.07031338661909103,,,0.5388216376304626
423,12720,0.23333333333333334,0.06882038712501526,,,0.5438526272773743
424,12750,0.26666666666666666,0.073362335562706,,,0.5475302934646606
425,12780,0.23333333333333334,0.07063555717468262,,,0.5373283624649048
426,12810,0.23333333333333334,0.07049467414617538,,,0.5495954751968384
427,12840,0.13333333333333333,0.06469408422708511,,,0.5194169282913208
428,12870,0.13333333333333333,0.06520354002714157,,,0.5166540741920471
429,12900,0.13333333333333333,0.06825020909309387,,,0.49562951922416687
430,12930,0.4,0.08610033988952637,,,0.5801694989204407
431,12960,0.26666666666666666,0.08823072165250778,,,0.5318410396575928
432,12990,0.3333333333333333,0.10110476613044739,,,0.5319638848304749
433,13020,0.23333333333333334,0.09810104966163635,,,0.5436534881591797
434,13050,0.3333333333333333,0.1096247211098671,,,0.5667552351951599
435,13080,0.23333333333333334,0.10661646723747253,,,0.48678410053253174
436,13110,0.2,0.09412170201539993,,,0.5318963527679443
437,13140,0.3,0.0938013345003128,,,0.560742199420929
438,13170,0.3333333333333333,0.08575544506311417,,,0.5536497831344604
439,13200,0.36666666666666664,0.08541028201580048,,,0.5202170610427856
440,13230,0.26666666666666666,0.07515349239110947,,,0.5425034761428833
441,13260,0.36666666666666664,0.08005312085151672,,,0.54030442237854
442,13290,0.36666666666666664,0.09398375451564789,,,0.5410192012786865
443,13320,0.36666666666666664,0.10101974755525589,,,0.5144569873809814
444,13350,0.3333333333333333,0.11134638637304306,,,0.54765784740448
445,13380,0.3333333333333333,0.09943771362304688,,,0.5536292791366577
446,13410,0.3,0.09311170876026154,,,0.524520218372345
447,13440,0.23333333333333334,0.07217182964086533,,,0.5287020802497864
448,13470,0.23333333333333334,0.0678708553314209,,,0.5272862315177917
449,13500,0.06666666666666667,0.05582060664892197,,,0.5050134062767029
450,13530,0.2,0.062076449394226074,,,0.5504011511802673
451,13560,0.26666666666666666,0.07362740486860275,,,0.5345085263252258
452,13590,0.2,0.07613246887922287,,,0.5291372537612915
453,13620,0.36666666666666664,0.09074879437685013,,,0.5805933475494385
454,13650,0.5333333333333333,0.1100725308060646,,,0.5878859758377075
455,13680,0.23333333333333334,0.09639463573694229,,,0.5194453001022339
456,13710,0.23333333333333334,0.09810590744018555,,,0.51057368516922
457,13740,0.16666666666666666,0.09432147443294525,,,0.5145760774612427
458,13770,0.3,0.10617881268262863,,,0.5336873531341553
459,13800,0.23333333333333334,0.09727717936038971,,,0.5154357552528381
460,13830,0.26666666666666666,0.09692581743001938,,,0.5315544009208679
461,13860,0.2,0.094859279692173,,,0.5104315280914307
462,13890,0.16666666666666666,0.08820130676031113,,,0.5137602090835571
463,13920,0.36666666666666664,0.1034657210111618,,,0.5775521397590637
464,13950,0.3333333333333333,0.09676305204629898,,,0.538873016834259
465,13980,0.13333333333333333,0.08754397183656693,,,0.5015507340431213
466,14010,0.2,0.09366972744464874,,,0.5256873965263367
467,14040,0.26666666666666666,0.10322737693786621,,,0.5545399785041809
468,14070,0.13333333333333333,0.09033273160457611,,,0.4863773286342621
469,14100,0.3,0.09814587980508804,,,0.5248205065727234
470,14130,0.4,0.10688536614179611,,,0.5615524053573608
471,14160,0.26666666666666666,0.09405234456062317,,,0.5473598837852478
472,14190,0.2,0.06757087260484695,,,0.5308554768562317
473,14220,0.26666666666666666,0.05445794388651848,,,0.5198189616203308
474,14250,0.3,0.0655214712023735,,,0.553529679775238
475,14280,0.1,0.07545378804206848,,,0.48036301136016846
476,14310,0.3333333333333333,0.10144444555044174,,,0.5470384955406189
477,14340,0.16666666666666666,0.08804548531770706,,,0.4877166748046875
478,14370,0.23333333333333334,0.09375334531068802,,,0.5104436874389648
479,14400,0.3,0.08688054978847504,,,0.5107102394104004
480,14430,0.43333333333333335,0.08466073870658875,,,0.5527556538581848
481,14460,0.2,0.06853777915239334,,,0.5128827691078186
482,14490,0.3333333333333333,0.07636860013008118,,,0.5343703627586365
483,14520,0.23333333333333334,0.07006807625293732,,,0.5367307662963867
484,14550,0.36666666666666664,0.0739310011267662,,,0.5287284255027771
485,14580,0.3,0.07007849961519241,,,0.5222929120063782
486,14610,0.2,0.07246559113264084,,,0.5255807638168335
487,14640,0.26666666666666666,0.0765177458524704,,,0.5250735878944397
488,14670,0.4,0.08154908567667007,,,0.5089089274406433
489,14700,0.26666666666666666,0.08912291377782822,,,0.5431804656982422
490,14730,0.3333333333333333,0.0867890864610672,,,0.5030934810638428
491,14760,0.23333333333333334,0.08830972015857697,,,0.5511756539344788
492,14790,0.26666666666666666,0.08649469912052155,,,0.5309295058250427
493,14820,0.23333333333333334,0.08325858414173126,,,0.5207160115242004
494,14850,0.43333333333333335,0.08599944412708282,,,0.501948893070221
495,14880,0.13333333333333333,0.07562538981437683,,,0.5081403851509094
496,14910,0.23333333333333334,0.08333396166563034,,,0.5276474356651306
497,14940,0.3,0.08185423910617828,,,0.5185192227363586
498,14970,0.36666666666666664,0.0913192480802536,,,0.5340088605880737
499,15000,0.23333333333333334,0.08642368018627167,,,0.5486279726028442
500,15030,0.2,0.08694317936897278,,,0.5207547545433044
501,15060,0.3,0.0962643101811409,,,0.5482879281044006
502,15090,0.3333333333333333,0.09999127686023712,,,0.5617618560791016
503,15120,0.43333333333333335,0.10554636269807816,,,0.5479658842086792
504,15150,0.16666666666666666,0.09673056751489639,,,0.5044963359832764
505,15180,0.16666666666666666,0.09119834750890732,,,0.5226876735687256
506,15210,0.3,0.09376545250415802,,,0.5554355978965759
507,15240,0.16666666666666666,0.08593825995922089,,,0.5084016919136047
508,15270,0.3,0.09112288802862167,,,0.4972578287124634
509,15300,0.26666666666666666,0.08807437121868134,,,0.536056399345398
510,15330,0.26666666666666666,0.07939878851175308,,,0.5550868511199951
511,15360,0.43333333333333335,0.09047619253396988,,,0.5926589965820312
512,15390,0.3333333333333333,0.08996723592281342,,,0.5590144991874695
513,15420,0.2,0.08597779273986816,,,0.5161589980125427
514,15450,0.2,0.08565975725650787,,,0.5168111324310303
515,15480,0.2,0.08480388671159744,,,0.49393609166145325
516,15510,0.23333333333333334,0.09436428546905518,,,0.5453882217407227
517,15540,0.36666666666666664,0.1072084829211235,,,0.5452412962913513
518,15570,0.16666666666666666,0.097079798579216,,,0.5059127807617188
519,15600,0.36666666666666664,0.10495718568563461,,,0.5330584049224854
520,15630,0.23333333333333334,0.09321963042020798,,,0.49398770928382874
521,15660,0.3,0.1032477542757988,,,0.5173096656799316
522,15690,0.43333333333333335,0.1055724173784256,,,0.5314341187477112
523,15720,0.26666666666666666,0.09149381518363953,,,0.49049946665763855
524,15750,0.3333333333333333,0.09402859210968018,,,0.5290967226028442
525,15780,0.3333333333333333,0.09303393214941025,,,0.5478435754776001
526,15810,0.36666666666666664,0.08861396461725235,,,0.5463706851005554
527,15840,0.26666666666666666,0.08089594542980194,,,0.5070513486862183
528,15870,0.3333333333333333,0.07936058938503265,,,0.5473787188529968
529,15900,0.3,0.07085701823234558,,,0.5134104490280151
530,15930,0.43333333333333335,0.07839726656675339,,,0.5313889384269714
531,15960,0.4,0.08160114288330078,,,0.5454605221748352
532,15990,0.3333333333333333,0.08018860965967178,,,0.554260790348053
533,16020,0.3,0.07509149610996246,,,0.5360733270645142
534,16050,0.26666666666666666,0.07088418304920197,,,0.46325841546058655
535,16080,0.26666666666666666,0.08853195607662201,,,0.5428462624549866
536,16110,0.23333333333333334,0.07306735962629318,,,0.4751353859901428
537,16140,0.26666666666666666,0.08799920231103897,,,0.49132004380226135
538,16170,0.26666666666666666,0.09755425155162811,,,0.5290809273719788
539,16200,0.26666666666666666,0.09762857854366302,,,0.5241518616676331
540,16230,0.3,0.1016201302409172,,,0.5072711110115051
541,16260,0.13333333333333333,0.09063944965600967,,,0.49000099301338196
542,16290,0.23333333333333334,0.09509864449501038,,,0.49704837799072266
543,16320,0.3333333333333333,0.09189024567604065,,,0.4786025881767273
544,16350,0.3,0.10778911411762238,,,0.5526402592658997
545,16380,0.26666666666666666,0.10140357166528702,,,0.48685041069984436
546,16410,0.3,0.09706579893827438,,,0.5017017126083374
547,16440,0.26666666666666666,0.09444323927164078,,,0.5265489816665649
548,16470,0.26666666666666666,0.08828922361135483,,,0.47215238213539124
549,16500,0.36666666666666664,0.09448810666799545,,,0.5279886722564697
550,16530,0.3333333333333333,0.08181419223546982,,,0.5428053736686707
551,16560,0.23333333333333334,0.06760447472333908,,,0.4910343885421753
552,16590,0.3,0.07088366895914078,,,0.5129609704017639
553,16620,0.2,0.07205991446971893,,,0.535872220993042
554,16650,0.16666666666666666,0.06887764483690262,,,0.5164381861686707
555,16680,0.26666666666666666,0.0690673217177391,,,0.4966587722301483
556,16710,0.4,0.07168655097484589,,,0.5976192355155945
557,16740,0.23333333333333334,0.06700757890939713,,,0.5148541927337646
558,16770,0.4,0.06827301532030106,,,0.5236870646476746
559,16800,0.16666666666666666,0.06286825984716415,,,0.5111793875694275
560,16830,0.3,0.06337050348520279,,,0.554642379283905
561,16860,0.4,0.06907867640256882,,,0.4768674671649933
562,16890,0.2,0.052844081073999405,,,0.48708897829055786
563,16920,0.26666666666666666,0.06076013296842575,,,0.5238779187202454
564,16950,0.2,0.06458719819784164,,,0.5302311778068542
565,16980,0.3,0.07429686933755875,,,0.5296018719673157
566,17010,0.3,0.06615976989269257,,,0.5195543766021729
567,17040,0.2,0.07182402908802032,,,0.5167394876480103
568,17070,0.43333333333333335,0.07412358373403549,,,0.5216147303581238
569,17100,0.3,0.08261094242334366,,,0.5296112298965454
570,17130,0.23333333333333334,0.09326659888029099,,,0.5186521410942078
571,17160,0.23333333333333334,0.10021854937076569,,,0.5381242036819458
572,17190,0.2,0.10059142112731934,,,0.5278149843215942
573,17220,0.3333333333333333,0.10208818316459656,,,0.5611878633499146
574,17250,0.23333333333333334,0.09460996836423874,,,0.5211953520774841
575,17280,0.3333333333333333,0.0918501541018486,,,0.5169941782951355
576,17310,0.23333333333333334,0.07846584171056747,,,0.5310479402542114
577,17340,0.36666666666666664,0.06924451887607574,,,0.5297366976737976
578,17370,0.3,0.06915141642093658,,,0.557686984539032
579,17400,0.2,0.0667458325624466,,,0.5320861339569092
580,17430,0.26666666666666666,0.06885315477848053,,,0.5538007616996765
581,17460,0.36666666666666664,0.06929454207420349,,,0.5343379378318787
582,17490,0.26666666666666666,0.06671692430973053,,,0.5259315371513367
583,17520,0.23333333333333334,0.06817913800477982,,,0.5326089859008789
584,17550,0.26666666666666666,0.06860440224409103,,,0.5464010834693909
585,17580,0.36666666666666664,0.0799403041601181,,,0.5463705658912659
586,17610,0.26666666666666666,0.07668677717447281,,,0.5213463306427002
587,17640,0.2,0.07587882876396179,,,0.53087317943573
588,17670,0.13333333333333333,0.07992901653051376,,,0.49366962909698486
589,17700,0.23333333333333334,0.08946841210126877,,,0.5309369564056396
590,17730,0.23333333333333334,0.09306488931179047,,,0.5074905157089233
591,17760,0.3333333333333333,0.1031394973397255,,,0.5222588181495667
592,17790,0.16666666666666666,0.09245649725198746,,,0.48195305466651917
593,17820,0.26666666666666666,0.09851086884737015,,,0.5070377588272095
594,17850,0.26666666666666666,0.0967673808336258,,,0.5279316902160645
595,17880,0.4666666666666667,0.10040288418531418,,,0.5321665406227112
596,17910,0.23333333333333334,0.08053172379732132,,,0.5060297250747681
597,17940,0.3333333333333333,0.0872468426823616,,,0.5328441262245178
598,17970,0.13333333333333333,0.07445644587278366,,,0.49514883756637573
599,18000,0.23333333333333334,0.07534105330705643,,,0.527940034866333
600,18030,0.23333333333333334,0.07408777624368668,,,0.5354562401771545
601,18060,0.3,0.06917160004377365,,,0.47607263922691345
602,18090,0.36666666666666664,0.08043971657752991,,,0.5515276193618774
603,18120,0.3,0.07650694996118546,,,0.509602427482605
604,18150,0.23333333333333334,0.07354395091533661,,,0.5392486453056335
605,18180,0.36666666666666664,0.08468567579984665,,,0.5644968152046204
606,18210,0.3333333333333333,0.08401629328727722,,,0.5378648042678833
607,18240,0.2,0.08164631575345993,,,0.5087003707885742
608,18270,0.23333333333333334,0.0879453644156456,,,0.48996612429618835
609,18300,0.3,0.10171642154455185,,,0.5181114077568054
610,18330,0.23333333333333334,0.09581591188907623,,,0.5292333960533142
611,18360,0.2,0.08752486109733582,,,0.48766887187957764
612,18390,0.23333333333333334,0.09050378948450089,,,0.5467960238456726
613,18420,0.4666666666666667,0.08604300767183304,,,0.5497044920921326
614,18450,0.23333333333333334,0.0744035392999649,,,0.5320764780044556
615,18480,0.1,0.0737767294049263,,,0.495108038187027
616,18510,0.16666666666666666,0.08337678015232086,,,0.5138801336288452
617,18540,0.26666666666666666,0.09493482857942581,,,0.512236475944519
618,18570,0.5,0.11688052862882614,,,0.5772691369056702
619,18600,0.3,0.09952855110168457,,,0.5016666054725647
620,18630,0.26666666666666666,0.10197050124406815,,,0.5269420742988586
621,18660,0.3,0.09539517015218735,,,0.5126795768737793
622,18690,0.16666666666666666,0.0915793925523758,,,0.48430079221725464
623,18720,0.3,0.09720873832702637,,,0.5280861854553223
624,18750,0.23333333333333334,0.09375432133674622,,,0.5122753381729126
625,18780,0.16666666666666666,0.09117739647626877,,,0.48982149362564087
626,18810,0.36666666666666664,0.1072765663266182,,,0.5379956364631653
627,18840,0.23333333333333334,0.09518739581108093,,,0.5016350746154785
628,18870,0.3333333333333333,0.10316777229309082,,,0.4999632239341736
629,18900,0.3333333333333333,0.10112389177083969,,,0.5295351147651672
630,18930,0.3333333333333333,0.10304714739322662,,,0.5583387613296509
631,18960,0.2,0.09521792829036713,,,0.510933518409729
632,18990,0.26666666666666666,0.08687081187963486,,,0.5109452605247498
633,19020,0.26666666666666666,0.08977481722831726,,,0.5210462212562561
634,19050,0.43333333333333335,0.10371018946170807,,,0.5680506229400635
635,19080,0.36666666666666664,0.09829263389110565,,,0.5149854421615601
636,19110,0.26666666666666666,0.09047464281320572,,,0.46488523483276367
637,19140,0.3,0.09096305072307587,,,0.5257722735404968
638,19170,0.26666666666666666,0.07650627940893173,,,0.48407888412475586
639,19200,0.4,0.07807481288909912,,,0.5164491534233093
640,19230,0.4666666666666667,0.08968048542737961,,,0.5315091013908386
641,19260,0.3333333333333333,0.08560636639595032,,,0.4979671537876129
642,19290,0.43333333333333335,0.0971764326095581,,,0.47710978984832764
643,19320,0.3333333333333333,0.10037531703710556,,,0.5045961141586304
644,19350,0.26666666666666666,0.08786807954311371,,,0.49483102560043335
645,19380,0.36666666666666664,0.08716431260108948,,,0.528215765953064
646,19410,0.3,0.08362365514039993,,,0.5169613361358643
647,19440,0.2,0.07283136248588562,,,0.4952503740787506
648,19470,0.3,0.07866401225328445,,,0.504529595375061
649,19500,0.26666666666666666,0.07950477302074432,,,0.5197181701660156
650,19530,0.3,0.0814863070845604,,,0.5193379521369934
651,19560,0.3,0.0787118449807167,,,0.49617278575897217
652,19590,0.23333333333333334,0.07527575641870499,,,0.5177456140518188
653,19620,0.26666666666666666,0.06873495131731033,,,0.49611896276474
654,19650,0.4,0.08005952090024948,,,0.5566332340240479
655,19680,0.4,0.07535970211029053,,,0.47225767374038696
656,19710,0.36666666666666664,0.08299362659454346,,,0.4647369086742401
657,19740,0.3,0.0857996866106987,,,0.4932909905910492
658,19770,0.4,0.08615876734256744,,,0.46874985098838806
659,19800,0.4,0.09317032247781754,,,0.49321505427360535
660,19830,0.36666666666666664,0.08899056911468506,,,0.4701136350631714
661,19860,0.3333333333333333,0.075943723320961,,,0.4257027208805084
662,19890,0.36666666666666664,0.0827789455652237,,,0.5003215670585632
663,19920,0.26666666666666666,0.07903783768415451,,,0.4560951292514801
664,19950,0.43333333333333335,0.08679095655679703,,,0.46105632185935974
665,19980,0.3,0.07425615191459656,,,0.416143536567688
666,20010,0.26666666666666666,0.08461359143257141,,,0.49039262533187866
667,20040,0.3333333333333333,0.07681165635585785,,,0.4860251843929291
668,20070,0.36666666666666664,0.07737743109464645,,,0.44391390681266785
669,20100,0.36666666666666664,0.07160060852766037,,,0.4640827178955078
670,20130,0.36666666666666664,0.08058290928602219,,,0.47545844316482544
671,20160,0.4666666666666667,0.08177492022514343,,,0.521850049495697
672,20190,0.3333333333333333,0.0718243420124054,,,0.4566003084182739
673,20220,0.26666666666666666,0.07958635687828064,,,0.4733913242816925
674,20250,0.3,0.07602624595165253,,,0.4416973292827606
675,20280,0.26666666666666666,0.08078865706920624,,,0.49662673473358154
676,20310,0.36666666666666664,0.07330657541751862,,,0.4427102506160736
677,20340,0.16666666666666666,0.07277210056781769,,,0.45493072271347046
678,20370,0.3333333333333333,0.07770668715238571,,,0.43376463651657104
679,20400,0.5,0.08390463143587112,,,0.4791114032268524
680,20430,0.4,0.08359586447477341,,,0.46409904956817627
681,20460,0.23333333333333334,0.0804980918765068,,,0.45467954874038696
682,20490,0.36666666666666664,0.08147875219583511,,,0.45968711376190186
683,20520,0.5,0.09010541439056396,,,0.4823136627674103
684,20550,0.3,0.07147310674190521,,,0.4128253161907196
685,20580,0.3333333333333333,0.07688816636800766,,,0.4295783042907715
686,20610,0.43333333333333335,0.08444111794233322,,,0.4437856674194336
687,20640,0.4,0.08032546192407608,,,0.474338561296463
688,20670,0.5,0.07976296544075012,,,0.422884076833725
689,20700,0.4666666666666667,0.08929478377103806,,,0.483946830034256
690,20730,0.43333333333333335,0.07708762586116791,,,0.43732309341430664
691,20760,0.36666666666666664,0.07096198946237564,,,0.44755470752716064
692,20790,0.4,0.07227408140897751,,,0.4707818925380707
693,20820,0.36666666666666664,0.08178635686635971,,,0.42245274782180786
694,20850,0.43333333333333335,0.08557076752185822,,,0.4540300965309143
695,20880,0.4666666666666667,0.08893866091966629,,,0.44456005096435547
696,20910,0.3333333333333333,0.07957811653614044,,,0.4473784565925598
697,20940,0.5666666666666667,0.08592113852500916,,,0.4035303294658661
698,20970,0.3,0.07145030051469803,,,0.4466084837913513
699,21000,0.3333333333333333,0.07287928462028503,,,0.5012322664260864
700,21030,0.3333333333333333,0.0688561499118805,,,0.46411779522895813
701,21060,0.4666666666666667,0.0685855969786644,,,0.4332939684391022
702,21090,0.4,0.06821036338806152,,,0.4001303017139435
703,21120,0.4,0.07302699238061905,,,0.40167614817619324
704,21150,0.43333333333333335,0.07677289843559265,,,0.44122427701950073
705,21180,0.5666666666666667,0.07574138790369034,,,0.39990004897117615
706,21210,0.36666666666666664,0.08156165480613708,,,0.4305032789707184
707,21240,0.4,0.07988246530294418,,,0.46420541405677795
708,21270,0.36666666666666664,0.07911325246095657,,,0.4710274338722229
709,21300,0.23333333333333334,0.07217326015233994,,,0.4499000012874603
710,21330,0.4666666666666667,0.06147495284676552,,,0.463024765253067
711,21360,0.4,0.06747087091207504,,,0.5027302503585815
712,21390,0.4,0.06525353342294693,,,0.5158918499946594
713,21420,0.3333333333333333,0.06677861511707306,,,0.46379992365837097
714,21450,0.3333333333333333,0.06118278577923775,,,0.44295692443847656
715,21480,0.3333333333333333,0.06836358457803726,,,0.4683172106742859
716,21510,0.36666666666666664,0.08009692281484604,,,0.4481728971004486
717,21540,0.5,0.0778292790055275,,,0.4383464753627777
718,21570,0.36666666666666664,0.07594256103038788,,,0.3982422649860382
719,21600,0.43333333333333335,0.08229108154773712,,,0.4495059847831726
720,21630,0.43333333333333335,0.08248845487833023,,,0.5021098852157593
721,21660,0.43333333333333335,0.07454817742109299,,,0.44599661231040955
722,21690,0.6,0.07789076119661331,,,0.4200364947319031
723,21720,0.5666666666666667,0.06693542003631592,,,0.38174185156822205
724,21750,0.3,0.06717965006828308,,,0.4562276303768158
725,21780,0.43333333333333335,0.07957708835601807,,,0.5047405362129211
726,21810,0.6,0.06955274194478989,,,0.38787010312080383
727,21840,0.4666666666666667,0.0686464011669159,,,0.3762895464897156
728,21870,0.3333333333333333,0.0770232230424881,,,0.4425700604915619
729,21900,0.36666666666666664,0.08590855449438095,,,0.48667868971824646
730,21930,0.4,0.07465429604053497,,,0.46399274468421936
731,21960,0.5333333333333333,0.06979503482580185,,,0.406647264957428
732,21990,0.4,0.06588957458734512,,,0.3874554932117462
733,22020,0.5333333333333333,0.0768129751086235,,,0.4328930974006653
734,22050,0.3333333333333333,0.06353270262479782,,,0.4283407926559448
735,22080,0.43333333333333335,0.062029045075178146,,,0.38475173711776733
736,22110,0.43333333333333335,0.07511847466230392,,,0.4090067446231842
737,22140,0.6333333333333333,0.071437768638134,,,0.346276193857193
738,22170,0.4,0.06846456229686737,,,0.43074703216552734
739,22200,0.43333333333333335,0.06520319730043411,,,0.3768855631351471
740,22230,0.43333333333333335,0.0647992342710495,,,0.3828114867210388
741,22260,0.43333333333333335,0.07722587883472443,,,0.4444683790206909
742,22290,0.3,0.07791697233915329,,,0.44838947057724
743,22320,0.7,0.06758227199316025,,,0.40435856580734253
744,22350,0.5666666666666667,0.05510829761624336,,,0.30720993876457214
745,22380,0.5,0.07485552132129669,,,0.408579021692276
746,22410,0.4,0.0661129355430603,,,0.4002823531627655
747,22440,0.5666666666666667,0.06431431323289871,,,0.40088608860969543
748,22470,0.43333333333333335,0.06362457573413849,,,0.39079615473747253
749,22500,0.6,0.07335253059864044,,,0.38614967465400696
750,22530,0.3,0.07494707405567169,,,0.44543299078941345
751,22560,0.7333333333333333,0.07066632807254791,,,0.33575552701950073
752,22590,0.6666666666666666,0.07267976552248001,,,0.4070478081703186
753,22620,0.5,0.07595913857221603,,,0.4383440315723419
754,22650,0.6333333333333333,0.0689588412642479,,,0.4190041720867157
755,22680,0.6,0.07758089154958725,,,0.3795437514781952
756,22710,0.43333333333333335,0.061928924173116684,,,0.37294965982437134
757,22740,0.43333333333333335,0.0758414939045906,,,0.4929031729698181
758,22770,0.5333333333333333,0.07371853291988373,,,0.47473105788230896
759,22800,0.4,0.05442773550748825,,,0.32452210783958435
760,22830,0.4,0.06025706231594086,,,0.42537030577659607
761,22860,0.5666666666666667,0.06427881121635437,,,0.40859299898147583
762,22890,0.3333333333333333,0.05679504945874214,,,0.4648269712924957
763,22920,0.4666666666666667,0.06298240274190903,,,0.45449352264404297
764,22950,0.43333333333333335,0.05546661466360092,,,0.39433959126472473
765,22980,0.4666666666666667,0.05766356736421585,,,0.3820692002773285
766,23010,0.4666666666666667,0.06044141575694084,,,0.4075441062450409
767,23040,0.4666666666666667,0.058091334998607635,,,0.3594299256801605
768,23070,0.4666666666666667,0.05465595796704292,,,0.344054639339447
769,23100,0.4666666666666667,0.058184463530778885,,,0.3400120735168457
770,23130,0.5333333333333333,0.0628528818488121,,,0.3694569766521454
771,23160,0.5,0.06538181751966476,,,0.39217281341552734
772,23190,0.3333333333333333,0.06811210513114929,,,0.3789195418357849
773,23220,0.3,0.0611591674387455,,,0.4045785367488861
774,23250,0.36666666666666664,0.07301374524831772,,,0.4206562042236328
775,23280,0.5333333333333333,0.06367562711238861,,,0.3767714500427246
776,23310,0.4,0.07063177227973938,,,0.4131237268447876
777,23340,0.4666666666666667,0.06887165457010269,,,0.41937240958213806
778,23370,0.4666666666666667,0.06512618064880371,,,0.3782385587692261
779,23400,0.5666666666666667,0.06431348621845245,,,0.35481294989585876
780,23430,0.6,0.06490388512611389,,,0.3489557206630707
781,23460,0.7333333333333333,0.07006888836622238,,,0.40218842029571533
782,23490,0.5333333333333333,0.0811835303902626,,,0.4223262071609497
783,23520,0.5333333333333333,0.05917694792151451,,,0.33653804659843445
784,23550,0.4666666666666667,0.07476892322301865,,,0.3910320997238159
785,23580,0.43333333333333335,0.07347318530082703,,,0.4146767258644104
786,23610,0.7333333333333333,0.0712052658200264,,,0.36189618706703186
787,23640,0.5333333333333333,0.07284681499004364,,,0.3978915214538574
788,23670,0.36666666666666664,0.07626387476921082,,,0.43664252758026123
789,23700,0.43333333333333335,0.0540788434445858,,,0.37576618790626526
790,23730,0.43333333333333335,0.06274585425853729,,,0.411406934261322
791,23760,0.4,0.05470121651887894,,,0.3985033333301544
792,23790,0.6,0.05519898235797882,,,0.3472276031970978
793,23820,0.6,0.05800212174654007,,,0.37129926681518555
794,23850,0.4666666666666667,0.06512697786092758,,,0.4342883229255676
795,23880,0.26666666666666666,0.05829274654388428,,,0.3790164291858673
796,23910,0.6,0.0681711956858635,,,0.43137067556381226
797,23940,0.4,0.06688590347766876,,,0.40020859241485596
798,23970,0.5333333333333333,0.05850670859217644,,,0.3468080163002014
799,24000,0.5666666666666667,0.06902032345533371,,,0.37703508138656616
800,24030,0.5666666666666667,0.06227332353591919,,,0.3850168287754059
801,24060,0.4666666666666667,0.06976570934057236,,,0.40816324949264526
802,24090,0.5333333333333333,0.0577130950987339,,,0.33997973799705505
803,24120,0.36666666666666664,0.06036410480737686,,,0.4001408517360687
804,24150,0.5333333333333333,0.05949782580137253,,,0.3509247899055481
805,24180,0.5333333333333333,0.05571397393941879,,,0.3042149543762207
806,24210,0.6666666666666666,0.07095896452665329,,,0.383366197347641
807,24240,0.4666666666666667,0.051226191222667694,,,0.32946640253067017
808,24270,0.7333333333333333,0.050155092030763626,,,0.3552960753440857
809,24300,0.5333333333333333,0.062209729105234146,,,0.345247358083725
810,24330,0.6,0.050400860607624054,,,0.3132178485393524
811,24360,0.5666666666666667,0.061768580228090286,,,0.3777084946632385
812,24390,0.6666666666666666,0.06224542483687401,,,0.32924315333366394
813,24420,0.8,0.0611494705080986,,,0.3054068386554718
814,24450,0.4,0.06910719722509384,,,0.4081217050552368
815,24480,0.43333333333333335,0.06271254271268845,,,0.416464239358902
816,24510,0.4,0.051028382033109665,,,0.35920748114585876
817,24540,0.6,0.05528000369668007,,,0.3231365978717804
818,24570,0.4,0.06517668068408966,,,0.39370620250701904
819,24600,0.5333333333333333,0.0661545917391777,,,0.38462385535240173
820,24630,0.6333333333333333,0.05775943771004677,,,0.3465123772621155
821,24660,0.5333333333333333,0.06480511277914047,,,0.3411298394203186
822,24690,0.43333333333333335,0.06960742920637131,,,0.38644543290138245
823,24720,0.43333333333333335,0.05073445662856102,,,0.35254985094070435
824,24750,0.5666666666666667,0.06590211391448975,,,0.3760027587413788
825,24780,0.5333333333333333,0.07538197934627533,,,0.3686944246292114
826,24810,0.43333333333333335,0.05186198651790619,,,0.3327959477901459
827,24840,0.4666666666666667,0.0588616281747818,,,0.4132663905620575
828,24870,0.6,0.053947560489177704,,,0.2817769944667816
829,24900,0.5,0.05905204638838768,,,0.3593641221523285
830,24930,0.6666666666666666,0.05556344985961914,,,0.3219078481197357
831,24960,0.5333333333333333,0.0649128258228302,,,0.4185582995414734
832,24990,0.4666666666666667,0.05963202193379402,,,0.36728668212890625
833,25020,0.5,0.06488087028265,,,0.40123260021209717
834,25050,0.4666666666666667,0.054805245250463486,,,0.3116793930530548
835,25080,0.4666666666666667,0.0576569065451622,,,0.34395912289619446
836,25110,0.7,0.048389021307229996,,,0.33581727743148804
837,25140,0.5333333333333333,0.05668885260820389,,,0.38272392749786377
838,25170,0.6,0.05721813067793846,,,0.2972141206264496
839,25200,0.7,0.05378483235836029,,,0.2984800636768341
840,25230,0.4666666666666667,0.06360261142253876,,,0.40645986795425415
841,25260,0.6,0.06384999305009842,,,0.31724488735198975
842,25290,0.3333333333333333,0.0596124604344368,,,0.38118961453437805
843,25320,0.4,0.06400591880083084,,,0.4090544283390045
844,25350,0.6333333333333333,0.06638623774051666,,,0.35436052083969116
845,25380,0.4,0.06265432387590408,,,0.3797557055950165
846,25410,0.7,0.04240857809782028,,,0.24772104620933533
847,25440,0.5,0.0634879395365715,,,0.37615665793418884
848,25470,0.4666666666666667,0.054843969643116,,,0.3332952558994293
849,25500,0.4666666666666667,0.06147134304046631,,,0.35744884610176086
850,25530,0.6,0.05474298074841499,,,0.33031949400901794
851,25560,0.5333333333333333,0.05528942868113518,,,0.31247153878211975
852,25590,0.6,0.058240391314029694,,,0.3665507137775421
853,25620,0.3333333333333333,0.058952756226062775,,,0.4138074219226837
854,25650,0.6666666666666666,0.05826672539114952,,,0.33324670791625977
855,25680,0.5,0.053115114569664,,,0.3236294984817505
856,25710,0.5666666666666667,0.0717509463429451,,,0.3768729567527771
857,25740,0.5666666666666667,0.05128927901387215,,,0.36437687277793884
858,25770,0.5666666666666667,0.06473015993833542,,,0.3606503903865814
859,25800,0.6,0.057403191924095154,,,0.3627341091632843
860,25830,0.4666666666666667,0.07389221340417862,,,0.3975597321987152
861,25860,0.5,0.07286545634269714,,,0.3882047235965729
862,25890,0.5,0.05707118287682533,,,0.34435293078422546
863,25920,0.7,0.061793938279151917,,,0.3426222503185272
864,25950,0.3333333333333333,0.06805305927991867,,,0.3555682897567749
865,25980,0.5333333333333333,0.07654425501823425,,,0.3714248538017273
866,26010,0.5666666666666667,0.06415696442127228,,,0.3205137848854065
867,26040,0.5666666666666667,0.06948264688253403,,,0.31567665934562683
868,26070,0.36666666666666664,0.059307098388671875,,,0.38282763957977295
869,26100,0.43333333333333335,0.057992711663246155,,,0.3460659682750702
870,26130,0.5333333333333333,0.06570062041282654,,,0.3525068461894989
871,26160,0.6666666666666666,0.07662241160869598,,,0.31239497661590576
872,26190,0.4666666666666667,0.06807203590869904,,,0.35756152868270874
873,26220,0.5,0.055048827081918716,,,0.30902916193008423
874,26250,0.5,0.0733342319726944,,,0.42235425114631653
875,26280,0.4,0.06281757354736328,,,0.3594863712787628
876,26310,0.5666666666666667,0.07058512419462204,,,0.3823300898075104
877,26340,0.6,0.0571787990629673,,,0.3089887201786041
878,26370,0.3,0.06113795191049576,,,0.4273085594177246
879,26400,0.7333333333333333,0.05744843930006027,,,0.3124716579914093
880,26430,0.4666666666666667,0.06935545057058334,,,0.3697790205478668
881,26460,0.6666666666666666,0.061876557767391205,,,0.351328581571579
882,26490,0.5666666666666667,0.060347314924001694,,,0.33964818716049194
883,26520,0.5333333333333333,0.0690239816904068,,,0.40656593441963196
884,26550,0.4,0.061492372304201126,,,0.40815600752830505
885,26580,0.6,0.061017751693725586,,,0.39028847217559814
886,26610,0.43333333333333335,0.06736838817596436,,,0.3961687982082367
887,26640,0.3333333333333333,0.05994861572980881,,,0.375997930765152
888,26670,0.5333333333333333,0.05774182826280594,,,0.296346515417099
889,26700,0.5333333333333333,0.06812945008277893,,,0.40826234221458435
890,26730,0.6666666666666666,0.053020257502794266,,,0.29158860445022583
891,26760,0.7333333333333333,0.05192645266652107,,,0.2696189284324646
892,26790,0.7333333333333333,0.05046842247247696,,,0.30092379450798035
893,26820,0.7333333333333333,0.06248651072382927,,,0.2696306109428406
894,26850,0.6666666666666666,0.06792820245027542,,,0.35047009587287903
895,26880,0.4666666666666667,0.04583539068698883,,,0.28510797023773193
896,26910,0.3,0.07453033328056335,,,0.39797431230545044
897,26940,0.5666666666666667,0.06114758178591728,,,0.30446475744247437
898,26970,0.4,0.05986493453383446,,,0.38150569796562195
899,27000,0.5,0.05784357711672783,,,0.3388616442680359
900,27030,0.7333333333333333,0.0551484040915966,,,0.2649405598640442
901,27060,0.6333333333333333,0.04934554174542427,,,0.31605470180511475
902,27090,0.5666666666666667,0.05484374612569809,,,0.3271811306476593
903,27120,0.6333333333333333,0.050296712666749954,,,0.33263862133026123
904,27150,0.4666666666666667,0.052370838820934296,,,0.34029626846313477
905,27180,0.4666666666666667,0.054632242769002914,,,0.42410939931869507
906,27210,0.5,0.06154368072748184,,,0.42127570509910583
907,27240,0.4666666666666667,0.05152631551027298,,,0.36277562379837036
908,27270,0.5,0.04624117538332939,,,0.28249385952949524
909,27300,0.4666666666666667,0.05572943761944771,,,0.3459681272506714
910,27330,0.4,0.055523328483104706,,,0.3521539270877838
911,27360,0.43333333333333335,0.05225253105163574,,,0.36250415444374084
912,27390,0.5333333333333333,0.05646680295467377,,,0.34671589732170105
913,27420,0.4,0.048344697803258896,,,0.34763872623443604
914,27450,0.5,0.0693034678697586,,,0.40121981501579285
915,27480,0.5,0.06128453463315964,,,0.3691558241844177
916,27510,0.6333333333333333,0.04572397843003273,,,0.29439863562583923
917,27540,0.6333333333333333,0.06079782545566559,,,0.32529836893081665
918,27570,0.7,0.06040770933032036,,,0.33920902013778687
919,27600,0.5333333333333333,0.051907721906900406,,,0.3127909302711487
920,27630,0.6,0.052948132157325745,,,0.31921249628067017
921,27660,0.43333333333333335,0.06286011636257172,,,0.3774334490299225
922,27690,0.6,0.061566583812236786,,,0.3018268942832947
923,27720,0.5666666666666667,0.05326436832547188,,,0.3181602358818054
924,27750,0.7666666666666667,0.051814548671245575,,,0.27924251556396484
925,27780,0.6,0.06868285685777664,,,0.31747257709503174
926,27810,0.7,0.05294087901711464,,,0.32808753848075867
927,27840,0.6333333333333333,0.0550808422267437,,,0.3276408314704895
928,27870,0.6,0.061612311750650406,,,0.3758854269981384
929,27900,0.4666666666666667,0.060142531991004944,,,0.4294983744621277
930,27930,0.5333333333333333,0.05355644226074219,,,0.32812583446502686
931,27960,0.7333333333333333,0.05226053670048714,,,0.36661383509635925
932,27990,0.7666666666666667,0.06470365822315216,,,0.3278835415840149
933,28020,0.6666666666666666,0.05553610250353813,,,0.2904494106769562
934,28050,0.7,0.056633733212947845,,,0.3193854093551636
935,28080,0.5333333333333333,0.0652032196521759,,,0.36853092908859253
936,28110,0.5666666666666667,0.05277526378631592,,,0.3071266710758209
937,28140,0.6333333333333333,0.04962438717484474,,,0.26720234751701355
938,28170,0.6333333333333333,0.046574655920267105,,,0.26100197434425354
939,28200,0.6333333333333333,0.060821421444416046,,,0.3391658663749695
940,28230,0.5333333333333333,0.059096772223711014,,,0.36463743448257446
941,28260,0.5333333333333333,0.05628623068332672,,,0.30276724696159363
942,28290,0.6333333333333333,0.04409976676106453,,,0.27239570021629333
943,28320,0.4666666666666667,0.07162933051586151,,,0.410497784614563
944,28350,0.7666666666666667,0.06291019171476364,,,0.3215661942958832
945,28380,0.5666666666666667,0.05830635130405426,,,0.34217125177383423
946,28410,0.6,0.048500530421733856,,,0.2639452815055847
947,28440,0.6333333333333333,0.05674693360924721,,,0.26419687271118164
948,28470,0.6333333333333333,0.060716912150382996,,,0.30310001969337463
949,28500,0.5333333333333333,0.06809215992689133,,,0.39639636874198914
950,28530,0.6666666666666666,0.06285504996776581,,,0.3589300513267517
951,28560,0.6333333333333333,0.059029702097177505,,,0.3131246566772461
952,28590,0.5333333333333333,0.0501556359231472,,,0.28951865434646606
953,28620,0.5666666666666667,0.06324019283056259,,,0.34662362933158875
954,28650,0.6333333333333333,0.05575583130121231,,,0.33313891291618347
955,28680,0.6333333333333333,0.05757877603173256,,,0.3032238185405731
956,28710,0.5666666666666667,0.05650563910603523,,,0.30963006615638733
957,28740,0.6,0.05870705470442772,,,0.31866219639778137
958,28770,0.7333333333333333,0.06281870603561401,,,0.32386839389801025
959,28800,0.7,0.05237434804439545,,,0.32394009828567505
960,28830,0.6,0.060554828494787216,,,0.34289172291755676
961,28860,0.7,0.04644763469696045,,,0.20829595625400543
962,28890,0.6,0.054472580552101135,,,0.26960429549217224
963,28920,0.5,0.06102214381098747,,,0.36979374289512634
964,28950,0.7666666666666667,0.05829465016722679,,,0.25621071457862854
965,28980,0.6666666666666666,0.05882957950234413,,,0.3259611129760742
966,29010,0.5,0.056549035012722015,,,0.3251360058784485
967,29040,0.5666666666666667,0.04482658579945564,,,0.2351626604795456
968,29070,0.7666666666666667,0.04999920353293419,,,0.22412869334220886
969,29100,0.5333333333333333,0.05336790159344673,,,0.31095224618911743
970,29130,0.5666666666666667,0.060282763093709946,,,0.381437212228775
971,29160,0.4666666666666667,0.05042643845081329,,,0.30678698420524597
972,29190,0.6666666666666666,0.05244247615337372,,,0.3112827241420746
973,29220,0.43333333333333335,0.06306696683168411,,,0.36149266362190247
974,29250,0.5666666666666667,0.0495220348238945,,,0.3254658877849579
975,29280,0.6,0.06402850151062012,,,0.3400155007839203
976,29310,0.5666666666666667,0.04966912418603897,,,0.30308330059051514
977,29340,0.6,0.05805381014943123,,,0.2912245988845825
978,29370,0.6666666666666666,0.06292521953582764,,,0.3540098965167999
979,29400,0.6,0.0540706142783165,,,0.31483256816864014
980,29430,0.5,0.05874016508460045,,,0.3345336318016052
981,29460,0.5666666666666667,0.0484880730509758,,,0.30219393968582153
982,29490,0.6333333333333333,0.05690738931298256,,,0.3322688341140747
983,29520,0.6666666666666666,0.05867141857743263,,,0.3502265214920044
984,29550,0.6,0.05000440403819084,,,0.2673083245754242
985,29580,0.5333333333333333,0.0422411784529686,,,0.25390660762786865
986,29610,0.6,0.05773182213306427,,,0.38961318135261536
987,29640,0.7,0.04871571809053421,,,0.28092828392982483
988,29670,0.7,0.053648050874471664,,,0.34019598364830017
989,29700,0.7,0.0436512716114521,,,0.3480282425880432
990,29730,0.6,0.06161138042807579,,,0.32184499502182007
991,29760,0.7333333333333333,0.053662873804569244,,,0.2924579679965973
992,29790,0.5666666666666667,0.05420110374689102,,,0.3414667844772339
993,29820,0.7,0.05511855706572533,,,0.26764124631881714
994,29850,0.6666666666666666,0.050981082022190094,,,0.2698024809360504
995,29880,0.6333333333333333,0.04419601336121559,,,0.2939648926258087
996,29910,0.6666666666666666,0.04843032360076904,,,0.28049686551094055
997,29940,0.6666666666666666,0.051398977637290955,,,0.2912687361240387
998,29970,0.6666666666666666,0.04589929059147835,,,0.2602437436580658
999,30000,0.5,0.04064923897385597,,,0.33411556482315063
